--
-- PostgreSQL database dump
--

-- Dumped from database version 11.12 (Raspbian 11.12-0+deb10u1)
-- Dumped by pg_dump version 11.12 (Raspbian 11.12-0+deb10u1)

SET statement_timeout = 0;
SET lock_timeout = 0;
SET idle_in_transaction_session_timeout = 0;
SET client_encoding = 'UTF8';
SET standard_conforming_strings = on;
SELECT pg_catalog.set_config('search_path', '', false);
SET check_function_bodies = false;
SET xmloption = content;
SET client_min_messages = warning;
SET row_security = off;

SET default_tablespace = '';

SET default_with_oids = false;

--
-- Name: auth_group; Type: TABLE; Schema: public; Owner: sustainablegardenuser
--

CREATE TABLE public.auth_group (
    id integer NOT NULL,
    name character varying(150) NOT NULL
);


ALTER TABLE public.auth_group OWNER TO sustainablegardenuser;

--
-- Name: auth_group_id_seq; Type: SEQUENCE; Schema: public; Owner: sustainablegardenuser
--

CREATE SEQUENCE public.auth_group_id_seq
    AS integer
    START WITH 1
    INCREMENT BY 1
    NO MINVALUE
    NO MAXVALUE
    CACHE 1;


ALTER TABLE public.auth_group_id_seq OWNER TO sustainablegardenuser;

--
-- Name: auth_group_id_seq; Type: SEQUENCE OWNED BY; Schema: public; Owner: sustainablegardenuser
--

ALTER SEQUENCE public.auth_group_id_seq OWNED BY public.auth_group.id;


--
-- Name: auth_group_permissions; Type: TABLE; Schema: public; Owner: sustainablegardenuser
--

CREATE TABLE public.auth_group_permissions (
    id bigint NOT NULL,
    group_id integer NOT NULL,
    permission_id integer NOT NULL
);


ALTER TABLE public.auth_group_permissions OWNER TO sustainablegardenuser;

--
-- Name: auth_group_permissions_id_seq; Type: SEQUENCE; Schema: public; Owner: sustainablegardenuser
--

CREATE SEQUENCE public.auth_group_permissions_id_seq
    START WITH 1
    INCREMENT BY 1
    NO MINVALUE
    NO MAXVALUE
    CACHE 1;


ALTER TABLE public.auth_group_permissions_id_seq OWNER TO sustainablegardenuser;

--
-- Name: auth_group_permissions_id_seq; Type: SEQUENCE OWNED BY; Schema: public; Owner: sustainablegardenuser
--

ALTER SEQUENCE public.auth_group_permissions_id_seq OWNED BY public.auth_group_permissions.id;


--
-- Name: auth_permission; Type: TABLE; Schema: public; Owner: sustainablegardenuser
--

CREATE TABLE public.auth_permission (
    id integer NOT NULL,
    name character varying(255) NOT NULL,
    content_type_id integer NOT NULL,
    codename character varying(100) NOT NULL
);


ALTER TABLE public.auth_permission OWNER TO sustainablegardenuser;

--
-- Name: auth_permission_id_seq; Type: SEQUENCE; Schema: public; Owner: sustainablegardenuser
--

CREATE SEQUENCE public.auth_permission_id_seq
    AS integer
    START WITH 1
    INCREMENT BY 1
    NO MINVALUE
    NO MAXVALUE
    CACHE 1;


ALTER TABLE public.auth_permission_id_seq OWNER TO sustainablegardenuser;

--
-- Name: auth_permission_id_seq; Type: SEQUENCE OWNED BY; Schema: public; Owner: sustainablegardenuser
--

ALTER SEQUENCE public.auth_permission_id_seq OWNED BY public.auth_permission.id;


--
-- Name: auth_user; Type: TABLE; Schema: public; Owner: sustainablegardenuser
--

CREATE TABLE public.auth_user (
    id integer NOT NULL,
    password character varying(128) NOT NULL,
    last_login timestamp with time zone,
    is_superuser boolean NOT NULL,
    username character varying(150) NOT NULL,
    first_name character varying(150) NOT NULL,
    last_name character varying(150) NOT NULL,
    email character varying(254) NOT NULL,
    is_staff boolean NOT NULL,
    is_active boolean NOT NULL,
    date_joined timestamp with time zone NOT NULL
);


ALTER TABLE public.auth_user OWNER TO sustainablegardenuser;

--
-- Name: auth_user_groups; Type: TABLE; Schema: public; Owner: sustainablegardenuser
--

CREATE TABLE public.auth_user_groups (
    id bigint NOT NULL,
    user_id integer NOT NULL,
    group_id integer NOT NULL
);


ALTER TABLE public.auth_user_groups OWNER TO sustainablegardenuser;

--
-- Name: auth_user_groups_id_seq; Type: SEQUENCE; Schema: public; Owner: sustainablegardenuser
--

CREATE SEQUENCE public.auth_user_groups_id_seq
    START WITH 1
    INCREMENT BY 1
    NO MINVALUE
    NO MAXVALUE
    CACHE 1;


ALTER TABLE public.auth_user_groups_id_seq OWNER TO sustainablegardenuser;

--
-- Name: auth_user_groups_id_seq; Type: SEQUENCE OWNED BY; Schema: public; Owner: sustainablegardenuser
--

ALTER SEQUENCE public.auth_user_groups_id_seq OWNED BY public.auth_user_groups.id;


--
-- Name: auth_user_id_seq; Type: SEQUENCE; Schema: public; Owner: sustainablegardenuser
--

CREATE SEQUENCE public.auth_user_id_seq
    AS integer
    START WITH 1
    INCREMENT BY 1
    NO MINVALUE
    NO MAXVALUE
    CACHE 1;


ALTER TABLE public.auth_user_id_seq OWNER TO sustainablegardenuser;

--
-- Name: auth_user_id_seq; Type: SEQUENCE OWNED BY; Schema: public; Owner: sustainablegardenuser
--

ALTER SEQUENCE public.auth_user_id_seq OWNED BY public.auth_user.id;


--
-- Name: auth_user_user_permissions; Type: TABLE; Schema: public; Owner: sustainablegardenuser
--

CREATE TABLE public.auth_user_user_permissions (
    id bigint NOT NULL,
    user_id integer NOT NULL,
    permission_id integer NOT NULL
);


ALTER TABLE public.auth_user_user_permissions OWNER TO sustainablegardenuser;

--
-- Name: auth_user_user_permissions_id_seq; Type: SEQUENCE; Schema: public; Owner: sustainablegardenuser
--

CREATE SEQUENCE public.auth_user_user_permissions_id_seq
    START WITH 1
    INCREMENT BY 1
    NO MINVALUE
    NO MAXVALUE
    CACHE 1;


ALTER TABLE public.auth_user_user_permissions_id_seq OWNER TO sustainablegardenuser;

--
-- Name: auth_user_user_permissions_id_seq; Type: SEQUENCE OWNED BY; Schema: public; Owner: sustainablegardenuser
--

ALTER SEQUENCE public.auth_user_user_permissions_id_seq OWNED BY public.auth_user_user_permissions.id;


--
-- Name: django_admin_log; Type: TABLE; Schema: public; Owner: sustainablegardenuser
--

CREATE TABLE public.django_admin_log (
    id integer NOT NULL,
    action_time timestamp with time zone NOT NULL,
    object_id text,
    object_repr character varying(200) NOT NULL,
    action_flag smallint NOT NULL,
    change_message text NOT NULL,
    content_type_id integer,
    user_id integer NOT NULL,
    CONSTRAINT django_admin_log_action_flag_check CHECK ((action_flag >= 0))
);


ALTER TABLE public.django_admin_log OWNER TO sustainablegardenuser;

--
-- Name: django_admin_log_id_seq; Type: SEQUENCE; Schema: public; Owner: sustainablegardenuser
--

CREATE SEQUENCE public.django_admin_log_id_seq
    AS integer
    START WITH 1
    INCREMENT BY 1
    NO MINVALUE
    NO MAXVALUE
    CACHE 1;


ALTER TABLE public.django_admin_log_id_seq OWNER TO sustainablegardenuser;

--
-- Name: django_admin_log_id_seq; Type: SEQUENCE OWNED BY; Schema: public; Owner: sustainablegardenuser
--

ALTER SEQUENCE public.django_admin_log_id_seq OWNED BY public.django_admin_log.id;


--
-- Name: django_content_type; Type: TABLE; Schema: public; Owner: sustainablegardenuser
--

CREATE TABLE public.django_content_type (
    id integer NOT NULL,
    app_label character varying(100) NOT NULL,
    model character varying(100) NOT NULL
);


ALTER TABLE public.django_content_type OWNER TO sustainablegardenuser;

--
-- Name: django_content_type_id_seq; Type: SEQUENCE; Schema: public; Owner: sustainablegardenuser
--

CREATE SEQUENCE public.django_content_type_id_seq
    AS integer
    START WITH 1
    INCREMENT BY 1
    NO MINVALUE
    NO MAXVALUE
    CACHE 1;


ALTER TABLE public.django_content_type_id_seq OWNER TO sustainablegardenuser;

--
-- Name: django_content_type_id_seq; Type: SEQUENCE OWNED BY; Schema: public; Owner: sustainablegardenuser
--

ALTER SEQUENCE public.django_content_type_id_seq OWNED BY public.django_content_type.id;


--
-- Name: django_migrations; Type: TABLE; Schema: public; Owner: sustainablegardenuser
--

CREATE TABLE public.django_migrations (
    id bigint NOT NULL,
    app character varying(255) NOT NULL,
    name character varying(255) NOT NULL,
    applied timestamp with time zone NOT NULL
);


ALTER TABLE public.django_migrations OWNER TO sustainablegardenuser;

--
-- Name: django_migrations_id_seq; Type: SEQUENCE; Schema: public; Owner: sustainablegardenuser
--

CREATE SEQUENCE public.django_migrations_id_seq
    START WITH 1
    INCREMENT BY 1
    NO MINVALUE
    NO MAXVALUE
    CACHE 1;


ALTER TABLE public.django_migrations_id_seq OWNER TO sustainablegardenuser;

--
-- Name: django_migrations_id_seq; Type: SEQUENCE OWNED BY; Schema: public; Owner: sustainablegardenuser
--

ALTER SEQUENCE public.django_migrations_id_seq OWNED BY public.django_migrations.id;


--
-- Name: django_session; Type: TABLE; Schema: public; Owner: sustainablegardenuser
--

CREATE TABLE public.django_session (
    session_key character varying(40) NOT NULL,
    session_data text NOT NULL,
    expire_date timestamp with time zone NOT NULL
);


ALTER TABLE public.django_session OWNER TO sustainablegardenuser;

--
-- Name: sensors_sensor; Type: TABLE; Schema: public; Owner: sustainablegardenuser
--

CREATE TABLE public.sensors_sensor (
    id bigint NOT NULL,
    created timestamp with time zone NOT NULL,
    sensor_name character varying(50) NOT NULL,
    sensor_type character varying(50) NOT NULL,
    pin integer NOT NULL,
    usb_port character varying(50) NOT NULL,
    in_use boolean NOT NULL
);


ALTER TABLE public.sensors_sensor OWNER TO sustainablegardenuser;

--
-- Name: sensors_sensor_id_seq; Type: SEQUENCE; Schema: public; Owner: sustainablegardenuser
--

CREATE SEQUENCE public.sensors_sensor_id_seq
    START WITH 1
    INCREMENT BY 1
    NO MINVALUE
    NO MAXVALUE
    CACHE 1;


ALTER TABLE public.sensors_sensor_id_seq OWNER TO sustainablegardenuser;

--
-- Name: sensors_sensor_id_seq; Type: SEQUENCE OWNED BY; Schema: public; Owner: sustainablegardenuser
--

ALTER SEQUENCE public.sensors_sensor_id_seq OWNED BY public.sensors_sensor.id;


--
-- Name: sensors_sensorreading; Type: TABLE; Schema: public; Owner: sustainablegardenuser
--

CREATE TABLE public.sensors_sensorreading (
    id bigint NOT NULL,
    reading jsonb NOT NULL,
    time_of_reading timestamp with time zone NOT NULL,
    sensor_id bigint NOT NULL
);


ALTER TABLE public.sensors_sensorreading OWNER TO sustainablegardenuser;

--
-- Name: sensors_sensorreading_id_seq; Type: SEQUENCE; Schema: public; Owner: sustainablegardenuser
--

CREATE SEQUENCE public.sensors_sensorreading_id_seq
    START WITH 1
    INCREMENT BY 1
    NO MINVALUE
    NO MAXVALUE
    CACHE 1;


ALTER TABLE public.sensors_sensorreading_id_seq OWNER TO sustainablegardenuser;

--
-- Name: sensors_sensorreading_id_seq; Type: SEQUENCE OWNED BY; Schema: public; Owner: sustainablegardenuser
--

ALTER SEQUENCE public.sensors_sensorreading_id_seq OWNED BY public.sensors_sensorreading.id;


--
-- Name: water_valve; Type: TABLE; Schema: public; Owner: sustainablegardenuser
--

CREATE TABLE public.water_valve (
    id bigint NOT NULL,
    created timestamp with time zone NOT NULL,
    valve_name character varying(50) NOT NULL,
    usb_port character varying(50) NOT NULL,
    pin integer NOT NULL
);


ALTER TABLE public.water_valve OWNER TO sustainablegardenuser;

--
-- Name: water_valve_id_seq; Type: SEQUENCE; Schema: public; Owner: sustainablegardenuser
--

CREATE SEQUENCE public.water_valve_id_seq
    START WITH 1
    INCREMENT BY 1
    NO MINVALUE
    NO MAXVALUE
    CACHE 1;


ALTER TABLE public.water_valve_id_seq OWNER TO sustainablegardenuser;

--
-- Name: water_valve_id_seq; Type: SEQUENCE OWNED BY; Schema: public; Owner: sustainablegardenuser
--

ALTER SEQUENCE public.water_valve_id_seq OWNED BY public.water_valve.id;


--
-- Name: auth_group id; Type: DEFAULT; Schema: public; Owner: sustainablegardenuser
--

ALTER TABLE ONLY public.auth_group ALTER COLUMN id SET DEFAULT nextval('public.auth_group_id_seq'::regclass);


--
-- Name: auth_group_permissions id; Type: DEFAULT; Schema: public; Owner: sustainablegardenuser
--

ALTER TABLE ONLY public.auth_group_permissions ALTER COLUMN id SET DEFAULT nextval('public.auth_group_permissions_id_seq'::regclass);


--
-- Name: auth_permission id; Type: DEFAULT; Schema: public; Owner: sustainablegardenuser
--

ALTER TABLE ONLY public.auth_permission ALTER COLUMN id SET DEFAULT nextval('public.auth_permission_id_seq'::regclass);


--
-- Name: auth_user id; Type: DEFAULT; Schema: public; Owner: sustainablegardenuser
--

ALTER TABLE ONLY public.auth_user ALTER COLUMN id SET DEFAULT nextval('public.auth_user_id_seq'::regclass);


--
-- Name: auth_user_groups id; Type: DEFAULT; Schema: public; Owner: sustainablegardenuser
--

ALTER TABLE ONLY public.auth_user_groups ALTER COLUMN id SET DEFAULT nextval('public.auth_user_groups_id_seq'::regclass);


--
-- Name: auth_user_user_permissions id; Type: DEFAULT; Schema: public; Owner: sustainablegardenuser
--

ALTER TABLE ONLY public.auth_user_user_permissions ALTER COLUMN id SET DEFAULT nextval('public.auth_user_user_permissions_id_seq'::regclass);


--
-- Name: django_admin_log id; Type: DEFAULT; Schema: public; Owner: sustainablegardenuser
--

ALTER TABLE ONLY public.django_admin_log ALTER COLUMN id SET DEFAULT nextval('public.django_admin_log_id_seq'::regclass);


--
-- Name: django_content_type id; Type: DEFAULT; Schema: public; Owner: sustainablegardenuser
--

ALTER TABLE ONLY public.django_content_type ALTER COLUMN id SET DEFAULT nextval('public.django_content_type_id_seq'::regclass);


--
-- Name: django_migrations id; Type: DEFAULT; Schema: public; Owner: sustainablegardenuser
--

ALTER TABLE ONLY public.django_migrations ALTER COLUMN id SET DEFAULT nextval('public.django_migrations_id_seq'::regclass);


--
-- Name: sensors_sensor id; Type: DEFAULT; Schema: public; Owner: sustainablegardenuser
--

ALTER TABLE ONLY public.sensors_sensor ALTER COLUMN id SET DEFAULT nextval('public.sensors_sensor_id_seq'::regclass);


--
-- Name: sensors_sensorreading id; Type: DEFAULT; Schema: public; Owner: sustainablegardenuser
--

ALTER TABLE ONLY public.sensors_sensorreading ALTER COLUMN id SET DEFAULT nextval('public.sensors_sensorreading_id_seq'::regclass);


--
-- Name: water_valve id; Type: DEFAULT; Schema: public; Owner: sustainablegardenuser
--

ALTER TABLE ONLY public.water_valve ALTER COLUMN id SET DEFAULT nextval('public.water_valve_id_seq'::regclass);


--
-- Data for Name: auth_group; Type: TABLE DATA; Schema: public; Owner: sustainablegardenuser
--

COPY public.auth_group (id, name) FROM stdin;
\.


--
-- Data for Name: auth_group_permissions; Type: TABLE DATA; Schema: public; Owner: sustainablegardenuser
--

COPY public.auth_group_permissions (id, group_id, permission_id) FROM stdin;
\.


--
-- Data for Name: auth_permission; Type: TABLE DATA; Schema: public; Owner: sustainablegardenuser
--

COPY public.auth_permission (id, name, content_type_id, codename) FROM stdin;
1	Can add log entry	1	add_logentry
2	Can change log entry	1	change_logentry
3	Can delete log entry	1	delete_logentry
4	Can view log entry	1	view_logentry
5	Can add permission	2	add_permission
6	Can change permission	2	change_permission
7	Can delete permission	2	delete_permission
8	Can view permission	2	view_permission
9	Can add group	3	add_group
10	Can change group	3	change_group
11	Can delete group	3	delete_group
12	Can view group	3	view_group
13	Can add user	4	add_user
14	Can change user	4	change_user
15	Can delete user	4	delete_user
16	Can view user	4	view_user
17	Can add content type	5	add_contenttype
18	Can change content type	5	change_contenttype
19	Can delete content type	5	delete_contenttype
20	Can view content type	5	view_contenttype
21	Can add session	6	add_session
22	Can change session	6	change_session
23	Can delete session	6	delete_session
24	Can view session	6	view_session
25	Can add sensor	7	add_sensor
26	Can change sensor	7	change_sensor
27	Can delete sensor	7	delete_sensor
28	Can view sensor	7	view_sensor
29	Can add valve	8	add_valve
30	Can change valve	8	change_valve
31	Can delete valve	8	delete_valve
32	Can view valve	8	view_valve
33	Can add sensor reading	9	add_sensorreading
34	Can change sensor reading	9	change_sensorreading
35	Can delete sensor reading	9	delete_sensorreading
36	Can view sensor reading	9	view_sensorreading
\.


--
-- Data for Name: auth_user; Type: TABLE DATA; Schema: public; Owner: sustainablegardenuser
--

COPY public.auth_user (id, password, last_login, is_superuser, username, first_name, last_name, email, is_staff, is_active, date_joined) FROM stdin;
\.


--
-- Data for Name: auth_user_groups; Type: TABLE DATA; Schema: public; Owner: sustainablegardenuser
--

COPY public.auth_user_groups (id, user_id, group_id) FROM stdin;
\.


--
-- Data for Name: auth_user_user_permissions; Type: TABLE DATA; Schema: public; Owner: sustainablegardenuser
--

COPY public.auth_user_user_permissions (id, user_id, permission_id) FROM stdin;
\.


--
-- Data for Name: django_admin_log; Type: TABLE DATA; Schema: public; Owner: sustainablegardenuser
--

COPY public.django_admin_log (id, action_time, object_id, object_repr, action_flag, change_message, content_type_id, user_id) FROM stdin;
\.


--
-- Data for Name: django_content_type; Type: TABLE DATA; Schema: public; Owner: sustainablegardenuser
--

COPY public.django_content_type (id, app_label, model) FROM stdin;
1	admin	logentry
2	auth	permission
3	auth	group
4	auth	user
5	contenttypes	contenttype
6	sessions	session
7	sensors	sensor
8	water	valve
9	sensors	sensorreading
\.


--
-- Data for Name: django_migrations; Type: TABLE DATA; Schema: public; Owner: sustainablegardenuser
--

COPY public.django_migrations (id, app, name, applied) FROM stdin;
1	contenttypes	0001_initial	2021-07-07 21:31:34.9844-07
2	auth	0001_initial	2021-07-07 21:31:35.24422-07
3	admin	0001_initial	2021-07-07 21:31:35.315419-07
4	admin	0002_logentry_remove_auto_add	2021-07-07 21:31:35.342178-07
5	admin	0003_logentry_add_action_flag_choices	2021-07-07 21:31:35.368269-07
6	contenttypes	0002_remove_content_type_name	2021-07-07 21:31:35.422197-07
7	auth	0002_alter_permission_name_max_length	2021-07-07 21:31:35.449888-07
8	auth	0003_alter_user_email_max_length	2021-07-07 21:31:35.483982-07
9	auth	0004_alter_user_username_opts	2021-07-07 21:31:35.510426-07
10	auth	0005_alter_user_last_login_null	2021-07-07 21:31:35.540998-07
11	auth	0006_require_contenttypes_0002	2021-07-07 21:31:35.548655-07
12	auth	0007_alter_validators_add_error_messages	2021-07-07 21:31:35.576466-07
13	auth	0008_alter_user_username_max_length	2021-07-07 21:31:35.61335-07
14	auth	0009_alter_user_last_name_max_length	2021-07-07 21:31:35.63839-07
15	auth	0010_alter_group_name_max_length	2021-07-07 21:31:35.669198-07
16	auth	0011_update_proxy_permissions	2021-07-07 21:31:35.694737-07
17	auth	0012_alter_user_first_name_max_length	2021-07-07 21:31:35.720232-07
18	sensors	0001_initial	2021-07-07 21:31:35.745375-07
19	sensors	0002_sensor_usb_port	2021-07-07 21:31:35.758401-07
20	sensors	0003_alter_sensor_sensor_type	2021-07-07 21:31:35.77022-07
21	sessions	0001_initial	2021-07-07 21:31:35.811221-07
22	water	0001_initial	2021-07-07 21:31:35.840391-07
23	sensors	0004_auto_20210708_0450	2021-07-07 21:53:27.47671-07
\.


--
-- Data for Name: django_session; Type: TABLE DATA; Schema: public; Owner: sustainablegardenuser
--

COPY public.django_session (session_key, session_data, expire_date) FROM stdin;
\.


--
-- Data for Name: sensors_sensor; Type: TABLE DATA; Schema: public; Owner: sustainablegardenuser
--

COPY public.sensors_sensor (id, created, sensor_name, sensor_type, pin, usb_port, in_use) FROM stdin;
1	2021-07-07 21:56:24.78187-07	test_humidity	DHT11	2	/dev/ttyUSB0	t
2	2021-07-07 21:56:33.099293-07	test_rain	Rain	3	/dev/ttyUSB0	t
\.


--
-- Data for Name: sensors_sensorreading; Type: TABLE DATA; Schema: public; Owner: sustainablegardenuser
--

COPY public.sensors_sensorreading (id, reading, time_of_reading, sensor_id) FROM stdin;
1	{"Humidity": 51, "Temperature": 21.6}	2021-07-07 22:09:38.992819-07	1
2	{"Rain": 1}	2021-07-07 22:09:39.00947-07	2
3	{"Humidity": 51, "Temperature": 21.6}	2021-07-07 22:10:15.402725-07	1
4	{"Rain": 1}	2021-07-07 22:10:15.412693-07	2
5	{"Humidity": 50, "Temperature": 21.6}	2021-07-07 22:11:15.9333-07	1
6	{"Rain": 1}	2021-07-07 22:11:15.94527-07	2
7	{"Humidity": 50, "Temperature": 21.5}	2021-07-07 22:12:15.483421-07	1
8	{"Rain": 1}	2021-07-07 22:12:15.4969-07	2
9	{"Humidity": 50, "Temperature": 21.5}	2021-07-07 22:13:16.005488-07	1
10	{"Rain": 1}	2021-07-07 22:13:16.021221-07	2
11	{"Humidity": 50, "Temperature": 21.4}	2021-07-07 22:14:15.490198-07	1
12	{"Rain": 1}	2021-07-07 22:14:15.499945-07	2
13	{"Humidity": 49, "Temperature": 21.3}	2021-07-07 22:15:15.934756-07	1
14	{"Rain": 1}	2021-07-07 22:15:15.949277-07	2
15	{"Humidity": 49, "Temperature": 21.2}	2021-07-07 22:16:15.458807-07	1
16	{"Rain": 1}	2021-07-07 22:16:15.475264-07	2
17	{"Humidity": 48, "Temperature": 21}	2021-07-07 22:17:16.025-07	1
18	{"Rain": 1}	2021-07-07 22:17:16.038125-07	2
19	{"Humidity": 48, "Temperature": 20.9}	2021-07-07 22:18:15.496109-07	1
20	{"Rain": 1}	2021-07-07 22:18:15.506398-07	2
21	{"Humidity": 48, "Temperature": 20.8}	2021-07-07 22:19:15.926561-07	1
22	{"Rain": 1}	2021-07-07 22:19:15.937456-07	2
23	{"Humidity": 49, "Temperature": 20.9}	2021-07-07 22:20:15.38855-07	1
24	{"Rain": 1}	2021-07-07 22:20:15.40271-07	2
25	{"Humidity": 49, "Temperature": 21}	2021-07-07 22:21:15.853105-07	1
26	{"Rain": 1}	2021-07-07 22:21:15.86342-07	2
27	{"Humidity": 49, "Temperature": 21.1}	2021-07-07 22:22:15.38695-07	1
28	{"Rain": 1}	2021-07-07 22:22:15.39881-07	2
29	{"Humidity": 49, "Temperature": 21.1}	2021-07-07 22:23:15.92985-07	1
30	{"Rain": 1}	2021-07-07 22:23:15.946862-07	2
31	{"Humidity": 49, "Temperature": 21.2}	2021-07-07 22:24:15.383086-07	1
32	{"Rain": 1}	2021-07-07 22:24:15.393845-07	2
33	{"Humidity": 49, "Temperature": 21.3}	2021-07-07 22:25:15.874086-07	1
34	{"Rain": 1}	2021-07-07 22:25:15.889381-07	2
35	{"Humidity": 49, "Temperature": 21.3}	2021-07-07 22:26:15.359565-07	1
36	{"Rain": 1}	2021-07-07 22:26:15.370116-07	2
37	{"Humidity": 49, "Temperature": 21.3}	2021-07-07 22:27:15.940931-07	1
38	{"Rain": 1}	2021-07-07 22:27:15.953018-07	2
39	{"Humidity": 49, "Temperature": 21.3}	2021-07-07 22:28:15.495045-07	1
40	{"Rain": 1}	2021-07-07 22:28:15.507321-07	2
41	{"Humidity": 48, "Temperature": 21.2}	2021-07-07 22:29:15.939033-07	1
42	{"Rain": 1}	2021-07-07 22:29:15.948872-07	2
43	{"Humidity": 48, "Temperature": 21.2}	2021-07-07 22:30:15.404202-07	1
44	{"Rain": 1}	2021-07-07 22:30:15.415647-07	2
45	{"Humidity": 48, "Temperature": 21.1}	2021-07-07 22:31:15.942864-07	1
46	{"Rain": 1}	2021-07-07 22:31:15.952594-07	2
47	{"Humidity": 48, "Temperature": 21}	2021-07-07 22:32:15.488404-07	1
48	{"Rain": 1}	2021-07-07 22:32:15.504142-07	2
49	{"Humidity": 48, "Temperature": 21}	2021-07-07 22:33:15.994628-07	1
50	{"Rain": 1}	2021-07-07 22:33:16.004616-07	2
51	{"Humidity": 48, "Temperature": 21.1}	2021-07-07 22:34:15.51368-07	1
52	{"Rain": 1}	2021-07-07 22:34:15.523558-07	2
53	{"Humidity": 49, "Temperature": 21.1}	2021-07-07 22:35:16.006648-07	1
54	{"Rain": 1}	2021-07-07 22:35:16.016488-07	2
55	{"Humidity": 49, "Temperature": 21.2}	2021-07-07 22:36:15.471015-07	1
56	{"Rain": 1}	2021-07-07 22:36:15.482495-07	2
57	{"Humidity": 49, "Temperature": 21.3}	2021-07-07 22:37:16.051831-07	1
58	{"Rain": 1}	2021-07-07 22:37:16.065958-07	2
59	{"Humidity": 48, "Temperature": 21.3}	2021-07-07 22:38:15.591009-07	1
60	{"Rain": 1}	2021-07-07 22:38:15.607032-07	2
61	{"Humidity": 48, "Temperature": 21.3}	2021-07-07 22:39:16.035705-07	1
62	{"Rain": 1}	2021-07-07 22:39:16.047313-07	2
63	{"Humidity": 47, "Temperature": 21.3}	2021-07-07 22:40:15.510338-07	1
64	{"Rain": 1}	2021-07-07 22:40:15.520062-07	2
65	{"Humidity": 47, "Temperature": 21.2}	2021-07-07 22:41:15.988874-07	1
66	{"Rain": 1}	2021-07-07 22:41:15.998589-07	2
67	{"Humidity": 47, "Temperature": 21.2}	2021-07-07 22:42:15.540688-07	1
68	{"Rain": 1}	2021-07-07 22:42:15.554573-07	2
69	{"Humidity": 46, "Temperature": 21.2}	2021-07-07 22:43:16.043793-07	1
70	{"Rain": 1}	2021-07-07 22:43:16.056144-07	2
71	{"Humidity": 46, "Temperature": 21.2}	2021-07-07 22:44:15.487238-07	1
72	{"Rain": 1}	2021-07-07 22:44:15.499615-07	2
73	{"Humidity": 47, "Temperature": 21.2}	2021-07-07 22:45:15.955693-07	1
74	{"Rain": 1}	2021-07-07 22:45:15.965453-07	2
75	{"Humidity": 47, "Temperature": 21.2}	2021-07-07 22:46:15.426396-07	1
76	{"Rain": 1}	2021-07-07 22:46:15.436157-07	2
77	{"Humidity": 47, "Temperature": 21.3}	2021-07-07 22:47:15.997814-07	1
78	{"Rain": 1}	2021-07-07 22:47:16.012967-07	2
79	{"Humidity": 47, "Temperature": 21.4}	2021-07-07 22:48:15.511748-07	1
80	{"Rain": 1}	2021-07-07 22:48:15.524319-07	2
81	{"Humidity": 47, "Temperature": 21.4}	2021-07-07 22:49:15.982509-07	1
82	{"Rain": 1}	2021-07-07 22:49:15.992521-07	2
83	{"Humidity": 47, "Temperature": 21.4}	2021-07-07 22:50:15.457744-07	1
84	{"Rain": 1}	2021-07-07 22:50:15.467549-07	2
85	{"Humidity": 47, "Temperature": 21.4}	2021-07-07 22:51:15.942002-07	1
86	{"Rain": 1}	2021-07-07 22:51:15.951915-07	2
87	{"Humidity": 47, "Temperature": 21.4}	2021-07-07 22:52:15.502196-07	1
88	{"Rain": 1}	2021-07-07 22:52:15.516766-07	2
89	{"Humidity": 47, "Temperature": 21.4}	2021-07-07 22:53:16.0422-07	1
90	{"Rain": 1}	2021-07-07 22:53:16.057839-07	2
91	{"Humidity": 47, "Temperature": 21.4}	2021-07-07 22:54:15.488106-07	1
92	{"Rain": 1}	2021-07-07 22:54:15.498256-07	2
93	{"Humidity": 47, "Temperature": 21.4}	2021-07-07 22:55:15.934598-07	1
94	{"Rain": 1}	2021-07-07 22:55:15.947005-07	2
95	{"Humidity": 47, "Temperature": 21.4}	2021-07-07 22:56:15.44091-07	1
96	{"Rain": 1}	2021-07-07 22:56:15.452857-07	2
97	{"Humidity": 47, "Temperature": 21.4}	2021-07-07 22:57:15.918874-07	1
98	{"Rain": 1}	2021-07-07 22:57:15.9371-07	2
99	{"Humidity": 48, "Temperature": 21.5}	2021-07-07 22:58:15.517374-07	1
100	{"Rain": 1}	2021-07-07 22:58:15.532712-07	2
101	{"Humidity": 47, "Temperature": 21.5}	2021-07-07 22:59:16.012468-07	1
102	{"Rain": 1}	2021-07-07 22:59:16.022487-07	2
103	{"Humidity": 44, "Temperature": 20.7}	2021-07-08 18:30:15.319626-07	1
104	{"Rain": 1}	2021-07-08 18:30:15.330799-07	2
105	{"Humidity": 41, "Temperature": 21.2}	2021-07-08 19:00:15.86992-07	1
106	{"Rain": 1}	2021-07-08 19:00:15.879189-07	2
107	{"Humidity": 40, "Temperature": 21.3}	2021-07-08 19:30:15.497508-07	1
108	{"Rain": 1}	2021-07-08 19:30:15.507034-07	2
\.


--
-- Data for Name: water_valve; Type: TABLE DATA; Schema: public; Owner: sustainablegardenuser
--

COPY public.water_valve (id, created, valve_name, usb_port, pin) FROM stdin;
\.


--
-- Name: auth_group_id_seq; Type: SEQUENCE SET; Schema: public; Owner: sustainablegardenuser
--

SELECT pg_catalog.setval('public.auth_group_id_seq', 1, false);


--
-- Name: auth_group_permissions_id_seq; Type: SEQUENCE SET; Schema: public; Owner: sustainablegardenuser
--

SELECT pg_catalog.setval('public.auth_group_permissions_id_seq', 1, false);


--
-- Name: auth_permission_id_seq; Type: SEQUENCE SET; Schema: public; Owner: sustainablegardenuser
--

SELECT pg_catalog.setval('public.auth_permission_id_seq', 36, true);


--
-- Name: auth_user_groups_id_seq; Type: SEQUENCE SET; Schema: public; Owner: sustainablegardenuser
--

SELECT pg_catalog.setval('public.auth_user_groups_id_seq', 1, false);


--
-- Name: auth_user_id_seq; Type: SEQUENCE SET; Schema: public; Owner: sustainablegardenuser
--

SELECT pg_catalog.setval('public.auth_user_id_seq', 1, false);


--
-- Name: auth_user_user_permissions_id_seq; Type: SEQUENCE SET; Schema: public; Owner: sustainablegardenuser
--

SELECT pg_catalog.setval('public.auth_user_user_permissions_id_seq', 1, false);


--
-- Name: django_admin_log_id_seq; Type: SEQUENCE SET; Schema: public; Owner: sustainablegardenuser
--

SELECT pg_catalog.setval('public.django_admin_log_id_seq', 1, false);


--
-- Name: django_content_type_id_seq; Type: SEQUENCE SET; Schema: public; Owner: sustainablegardenuser
--

SELECT pg_catalog.setval('public.django_content_type_id_seq', 9, true);


--
-- Name: django_migrations_id_seq; Type: SEQUENCE SET; Schema: public; Owner: sustainablegardenuser
--

SELECT pg_catalog.setval('public.django_migrations_id_seq', 23, true);


--
-- Name: sensors_sensor_id_seq; Type: SEQUENCE SET; Schema: public; Owner: sustainablegardenuser
--

SELECT pg_catalog.setval('public.sensors_sensor_id_seq', 2, true);


--
-- Name: sensors_sensorreading_id_seq; Type: SEQUENCE SET; Schema: public; Owner: sustainablegardenuser
--

SELECT pg_catalog.setval('public.sensors_sensorreading_id_seq', 108, true);


--
-- Name: water_valve_id_seq; Type: SEQUENCE SET; Schema: public; Owner: sustainablegardenuser
--

SELECT pg_catalog.setval('public.water_valve_id_seq', 1, false);


--
-- Name: auth_group auth_group_name_key; Type: CONSTRAINT; Schema: public; Owner: sustainablegardenuser
--

ALTER TABLE ONLY public.auth_group
    ADD CONSTRAINT auth_group_name_key UNIQUE (name);


--
-- Name: auth_group_permissions auth_group_permissions_group_id_permission_id_0cd325b0_uniq; Type: CONSTRAINT; Schema: public; Owner: sustainablegardenuser
--

ALTER TABLE ONLY public.auth_group_permissions
    ADD CONSTRAINT auth_group_permissions_group_id_permission_id_0cd325b0_uniq UNIQUE (group_id, permission_id);


--
-- Name: auth_group_permissions auth_group_permissions_pkey; Type: CONSTRAINT; Schema: public; Owner: sustainablegardenuser
--

ALTER TABLE ONLY public.auth_group_permissions
    ADD CONSTRAINT auth_group_permissions_pkey PRIMARY KEY (id);


--
-- Name: auth_group auth_group_pkey; Type: CONSTRAINT; Schema: public; Owner: sustainablegardenuser
--

ALTER TABLE ONLY public.auth_group
    ADD CONSTRAINT auth_group_pkey PRIMARY KEY (id);


--
-- Name: auth_permission auth_permission_content_type_id_codename_01ab375a_uniq; Type: CONSTRAINT; Schema: public; Owner: sustainablegardenuser
--

ALTER TABLE ONLY public.auth_permission
    ADD CONSTRAINT auth_permission_content_type_id_codename_01ab375a_uniq UNIQUE (content_type_id, codename);


--
-- Name: auth_permission auth_permission_pkey; Type: CONSTRAINT; Schema: public; Owner: sustainablegardenuser
--

ALTER TABLE ONLY public.auth_permission
    ADD CONSTRAINT auth_permission_pkey PRIMARY KEY (id);


--
-- Name: auth_user_groups auth_user_groups_pkey; Type: CONSTRAINT; Schema: public; Owner: sustainablegardenuser
--

ALTER TABLE ONLY public.auth_user_groups
    ADD CONSTRAINT auth_user_groups_pkey PRIMARY KEY (id);


--
-- Name: auth_user_groups auth_user_groups_user_id_group_id_94350c0c_uniq; Type: CONSTRAINT; Schema: public; Owner: sustainablegardenuser
--

ALTER TABLE ONLY public.auth_user_groups
    ADD CONSTRAINT auth_user_groups_user_id_group_id_94350c0c_uniq UNIQUE (user_id, group_id);


--
-- Name: auth_user auth_user_pkey; Type: CONSTRAINT; Schema: public; Owner: sustainablegardenuser
--

ALTER TABLE ONLY public.auth_user
    ADD CONSTRAINT auth_user_pkey PRIMARY KEY (id);


--
-- Name: auth_user_user_permissions auth_user_user_permissions_pkey; Type: CONSTRAINT; Schema: public; Owner: sustainablegardenuser
--

ALTER TABLE ONLY public.auth_user_user_permissions
    ADD CONSTRAINT auth_user_user_permissions_pkey PRIMARY KEY (id);


--
-- Name: auth_user_user_permissions auth_user_user_permissions_user_id_permission_id_14a6b632_uniq; Type: CONSTRAINT; Schema: public; Owner: sustainablegardenuser
--

ALTER TABLE ONLY public.auth_user_user_permissions
    ADD CONSTRAINT auth_user_user_permissions_user_id_permission_id_14a6b632_uniq UNIQUE (user_id, permission_id);


--
-- Name: auth_user auth_user_username_key; Type: CONSTRAINT; Schema: public; Owner: sustainablegardenuser
--

ALTER TABLE ONLY public.auth_user
    ADD CONSTRAINT auth_user_username_key UNIQUE (username);


--
-- Name: django_admin_log django_admin_log_pkey; Type: CONSTRAINT; Schema: public; Owner: sustainablegardenuser
--

ALTER TABLE ONLY public.django_admin_log
    ADD CONSTRAINT django_admin_log_pkey PRIMARY KEY (id);


--
-- Name: django_content_type django_content_type_app_label_model_76bd3d3b_uniq; Type: CONSTRAINT; Schema: public; Owner: sustainablegardenuser
--

ALTER TABLE ONLY public.django_content_type
    ADD CONSTRAINT django_content_type_app_label_model_76bd3d3b_uniq UNIQUE (app_label, model);


--
-- Name: django_content_type django_content_type_pkey; Type: CONSTRAINT; Schema: public; Owner: sustainablegardenuser
--

ALTER TABLE ONLY public.django_content_type
    ADD CONSTRAINT django_content_type_pkey PRIMARY KEY (id);


--
-- Name: django_migrations django_migrations_pkey; Type: CONSTRAINT; Schema: public; Owner: sustainablegardenuser
--

ALTER TABLE ONLY public.django_migrations
    ADD CONSTRAINT django_migrations_pkey PRIMARY KEY (id);


--
-- Name: django_session django_session_pkey; Type: CONSTRAINT; Schema: public; Owner: sustainablegardenuser
--

ALTER TABLE ONLY public.django_session
    ADD CONSTRAINT django_session_pkey PRIMARY KEY (session_key);


--
-- Name: sensors_sensor sensors_sensor_pkey; Type: CONSTRAINT; Schema: public; Owner: sustainablegardenuser
--

ALTER TABLE ONLY public.sensors_sensor
    ADD CONSTRAINT sensors_sensor_pkey PRIMARY KEY (id);


--
-- Name: sensors_sensorreading sensors_sensorreading_pkey; Type: CONSTRAINT; Schema: public; Owner: sustainablegardenuser
--

ALTER TABLE ONLY public.sensors_sensorreading
    ADD CONSTRAINT sensors_sensorreading_pkey PRIMARY KEY (id);


--
-- Name: water_valve water_valve_pkey; Type: CONSTRAINT; Schema: public; Owner: sustainablegardenuser
--

ALTER TABLE ONLY public.water_valve
    ADD CONSTRAINT water_valve_pkey PRIMARY KEY (id);


--
-- Name: auth_group_name_a6ea08ec_like; Type: INDEX; Schema: public; Owner: sustainablegardenuser
--

CREATE INDEX auth_group_name_a6ea08ec_like ON public.auth_group USING btree (name varchar_pattern_ops);


--
-- Name: auth_group_permissions_group_id_b120cbf9; Type: INDEX; Schema: public; Owner: sustainablegardenuser
--

CREATE INDEX auth_group_permissions_group_id_b120cbf9 ON public.auth_group_permissions USING btree (group_id);


--
-- Name: auth_group_permissions_permission_id_84c5c92e; Type: INDEX; Schema: public; Owner: sustainablegardenuser
--

CREATE INDEX auth_group_permissions_permission_id_84c5c92e ON public.auth_group_permissions USING btree (permission_id);


--
-- Name: auth_permission_content_type_id_2f476e4b; Type: INDEX; Schema: public; Owner: sustainablegardenuser
--

CREATE INDEX auth_permission_content_type_id_2f476e4b ON public.auth_permission USING btree (content_type_id);


--
-- Name: auth_user_groups_group_id_97559544; Type: INDEX; Schema: public; Owner: sustainablegardenuser
--

CREATE INDEX auth_user_groups_group_id_97559544 ON public.auth_user_groups USING btree (group_id);


--
-- Name: auth_user_groups_user_id_6a12ed8b; Type: INDEX; Schema: public; Owner: sustainablegardenuser
--

CREATE INDEX auth_user_groups_user_id_6a12ed8b ON public.auth_user_groups USING btree (user_id);


--
-- Name: auth_user_user_permissions_permission_id_1fbb5f2c; Type: INDEX; Schema: public; Owner: sustainablegardenuser
--

CREATE INDEX auth_user_user_permissions_permission_id_1fbb5f2c ON public.auth_user_user_permissions USING btree (permission_id);


--
-- Name: auth_user_user_permissions_user_id_a95ead1b; Type: INDEX; Schema: public; Owner: sustainablegardenuser
--

CREATE INDEX auth_user_user_permissions_user_id_a95ead1b ON public.auth_user_user_permissions USING btree (user_id);


--
-- Name: auth_user_username_6821ab7c_like; Type: INDEX; Schema: public; Owner: sustainablegardenuser
--

CREATE INDEX auth_user_username_6821ab7c_like ON public.auth_user USING btree (username varchar_pattern_ops);


--
-- Name: django_admin_log_content_type_id_c4bce8eb; Type: INDEX; Schema: public; Owner: sustainablegardenuser
--

CREATE INDEX django_admin_log_content_type_id_c4bce8eb ON public.django_admin_log USING btree (content_type_id);


--
-- Name: django_admin_log_user_id_c564eba6; Type: INDEX; Schema: public; Owner: sustainablegardenuser
--

CREATE INDEX django_admin_log_user_id_c564eba6 ON public.django_admin_log USING btree (user_id);


--
-- Name: django_session_expire_date_a5c62663; Type: INDEX; Schema: public; Owner: sustainablegardenuser
--

CREATE INDEX django_session_expire_date_a5c62663 ON public.django_session USING btree (expire_date);


--
-- Name: django_session_session_key_c0390e0f_like; Type: INDEX; Schema: public; Owner: sustainablegardenuser
--

CREATE INDEX django_session_session_key_c0390e0f_like ON public.django_session USING btree (session_key varchar_pattern_ops);


--
-- Name: sensors_sensorreading_sensor_id_07fcd676; Type: INDEX; Schema: public; Owner: sustainablegardenuser
--

CREATE INDEX sensors_sensorreading_sensor_id_07fcd676 ON public.sensors_sensorreading USING btree (sensor_id);


--
-- Name: auth_group_permissions auth_group_permissio_permission_id_84c5c92e_fk_auth_perm; Type: FK CONSTRAINT; Schema: public; Owner: sustainablegardenuser
--

ALTER TABLE ONLY public.auth_group_permissions
    ADD CONSTRAINT auth_group_permissio_permission_id_84c5c92e_fk_auth_perm FOREIGN KEY (permission_id) REFERENCES public.auth_permission(id) DEFERRABLE INITIALLY DEFERRED;


--
-- Name: auth_group_permissions auth_group_permissions_group_id_b120cbf9_fk_auth_group_id; Type: FK CONSTRAINT; Schema: public; Owner: sustainablegardenuser
--

ALTER TABLE ONLY public.auth_group_permissions
    ADD CONSTRAINT auth_group_permissions_group_id_b120cbf9_fk_auth_group_id FOREIGN KEY (group_id) REFERENCES public.auth_group(id) DEFERRABLE INITIALLY DEFERRED;


--
-- Name: auth_permission auth_permission_content_type_id_2f476e4b_fk_django_co; Type: FK CONSTRAINT; Schema: public; Owner: sustainablegardenuser
--

ALTER TABLE ONLY public.auth_permission
    ADD CONSTRAINT auth_permission_content_type_id_2f476e4b_fk_django_co FOREIGN KEY (content_type_id) REFERENCES public.django_content_type(id) DEFERRABLE INITIALLY DEFERRED;


--
-- Name: auth_user_groups auth_user_groups_group_id_97559544_fk_auth_group_id; Type: FK CONSTRAINT; Schema: public; Owner: sustainablegardenuser
--

ALTER TABLE ONLY public.auth_user_groups
    ADD CONSTRAINT auth_user_groups_group_id_97559544_fk_auth_group_id FOREIGN KEY (group_id) REFERENCES public.auth_group(id) DEFERRABLE INITIALLY DEFERRED;


--
-- Name: auth_user_groups auth_user_groups_user_id_6a12ed8b_fk_auth_user_id; Type: FK CONSTRAINT; Schema: public; Owner: sustainablegardenuser
--

ALTER TABLE ONLY public.auth_user_groups
    ADD CONSTRAINT auth_user_groups_user_id_6a12ed8b_fk_auth_user_id FOREIGN KEY (user_id) REFERENCES public.auth_user(id) DEFERRABLE INITIALLY DEFERRED;


--
-- Name: auth_user_user_permissions auth_user_user_permi_permission_id_1fbb5f2c_fk_auth_perm; Type: FK CONSTRAINT; Schema: public; Owner: sustainablegardenuser
--

ALTER TABLE ONLY public.auth_user_user_permissions
    ADD CONSTRAINT auth_user_user_permi_permission_id_1fbb5f2c_fk_auth_perm FOREIGN KEY (permission_id) REFERENCES public.auth_permission(id) DEFERRABLE INITIALLY DEFERRED;


--
-- Name: auth_user_user_permissions auth_user_user_permissions_user_id_a95ead1b_fk_auth_user_id; Type: FK CONSTRAINT; Schema: public; Owner: sustainablegardenuser
--

ALTER TABLE ONLY public.auth_user_user_permissions
    ADD CONSTRAINT auth_user_user_permissions_user_id_a95ead1b_fk_auth_user_id FOREIGN KEY (user_id) REFERENCES public.auth_user(id) DEFERRABLE INITIALLY DEFERRED;


--
-- Name: django_admin_log django_admin_log_content_type_id_c4bce8eb_fk_django_co; Type: FK CONSTRAINT; Schema: public; Owner: sustainablegardenuser
--

ALTER TABLE ONLY public.django_admin_log
    ADD CONSTRAINT django_admin_log_content_type_id_c4bce8eb_fk_django_co FOREIGN KEY (content_type_id) REFERENCES public.django_content_type(id) DEFERRABLE INITIALLY DEFERRED;


--
-- Name: django_admin_log django_admin_log_user_id_c564eba6_fk_auth_user_id; Type: FK CONSTRAINT; Schema: public; Owner: sustainablegardenuser
--

ALTER TABLE ONLY public.django_admin_log
    ADD CONSTRAINT django_admin_log_user_id_c564eba6_fk_auth_user_id FOREIGN KEY (user_id) REFERENCES public.auth_user(id) DEFERRABLE INITIALLY DEFERRED;


--
-- Name: sensors_sensorreading sensors_sensorreading_sensor_id_07fcd676_fk_sensors_sensor_id; Type: FK CONSTRAINT; Schema: public; Owner: sustainablegardenuser
--

ALTER TABLE ONLY public.sensors_sensorreading
    ADD CONSTRAINT sensors_sensorreading_sensor_id_07fcd676_fk_sensors_sensor_id FOREIGN KEY (sensor_id) REFERENCES public.sensors_sensor(id) DEFERRABLE INITIALLY DEFERRED;


--
-- PostgreSQL database dump complete
--

